<?xml version="1.0" encoding="UTF-8"?>
<workflow-app xmlns="uri:oozie:workflow:0.2" name="cdw_sapp_2.2.4">
	<start to="sqoop-node-branch"/>
	<action name="sqoop-node-branch"> <!--node name-->
		<sqoop xmlns="uri:oozie:sqoop-action:0.2">
			<job-tracker>${jobTracker}</job-tracker> <!--job tracking node is http://sandbox.hortonworks.com:8050 which is define in job properties-->
			<name-node>${nameNode}</name-node> <!--name node is http://sandbox.hortonworks.com:8020 which is defined in job properties-->
			<configuration>
				<property>
					<name>mapred.job.queue.name</name>
					<value>${queueName}</value>
				</property>
			</configuration>
			<arg>job</arg>
			<arg>--meta-connect</arg>
			<arg>jdbc:hsqldb:hsql://localhost:16000/sqoop</arg>
			<arg>--exec</arg>
			<arg>updateBranch</arg>
			<archive>/user/oozie/oozie_scripts/lib/java-json.jar#java-json.jar</archive>
		</sqoop>
		<ok to="sqoop-node-customer"/>
		<error to="fail"/>
	</action>
	<action name="sqoop-node-customer"> <!--node name-->
		<sqoop xmlns="uri:oozie:sqoop-action:0.2">
			<job-tracker>${jobTracker}</job-tracker> <!--job tracking node is http://sandbox.hortonworks.com:8050 which is define in job properties-->
			<name-node>${nameNode}</name-node> <!--name node is http://sandbox.hortonworks.com:8020 which is defined in job properties-->
			<configuration>
				<property>
					<name>mapred.job.queue.name</name>
					<value>${queueName}</value>
				</property>
			</configuration>
			<arg>job</arg>
			<arg>--meta-connect</arg>
			<arg>jdbc:hsqldb:hsql://localhost:16000/sqoop</arg>
			<arg>--exec</arg>
			<arg>updateCustomer</arg>
			<archive>/user/oozie/oozie_scripts/lib/java-json.jar#java-json.jar</archive>
		</sqoop>
		<ok to="sqoop-node-credit-card"/> <!-- if everything is ok then go to credit-card node -->
		<error to="fail"/>
	</action>
	<action name="sqoop-node-credit-card"> <!--node name-->
		<sqoop xmlns="uri:oozie:sqoop-action:0.2">
			<job-tracker>${jobTracker}</job-tracker> <!--job tracking node is http://sandbox.hortonworks.com:8050 which is define in job properties-->
			<name-node>${nameNode}</name-node> <!--name node is http://sandbox.hortonworks.com:8020 which is defined in job properties-->
			<configuration>
				<property>
					<name>mapred.job.queue.name</name>
					<value>${queueName}</value>
				</property>
			</configuration>
			<arg>job</arg>
			<arg>--meta-connect</arg>
			<arg>jdbc:hsqldb:hsql://localhost:16000/sqoop</arg>
			<arg>--exec</arg>
			<arg>updateCreditCard</arg>
			<archive>/user/oozie/oozie_scripts/lib/java-json.jar#java-json.jar</archive>
		</sqoop>
		<ok to="sqoop-node-time"/> <!-- if everything is ok then go to hive node -->
		<error to="fail"/>
	</action>
	<action name="sqoop-node-time"> <!--node name-->
		<sqoop xmlns="uri:oozie:sqoop-action:0.2">
			<job-tracker>${jobTracker}</job-tracker> <!--job tracking node is http://sandbox.hortonworks.com:8050 which is define in job properties-->
			<name-node>${nameNode}</name-node> <!--name node is http://sandbox.hortonworks.com:8020 which is defined in job properties-->
			<prepare>
				<delete path="${nameNode}/Credit_Card_System_224/time"/>
			</prepare>
			<configuration>
				<property>
					<name>mapred.job.queue.name</name>
					<value>${queueName}</value>
				</property>
			</configuration>
			<arg>import</arg>
			<arg>--connect</arg>
			<arg>jdbc:mysql://localhost/CDW_SAPP</arg>
			<arg>--driver</arg>
			<arg>com.mysql.jdbc.Driver</arg>
			<arg>--query</arg>
			<arg>SELECT DISTINCT DATE_FORMAT(CONCAT(CAST(YEAR AS CHAR(4)),'-',CAST(MONTH AS CHAR(2)),'-',CAST(DAY AS CHAR(2))),'%Y%m%d') AS TIMEID, DAY, MONTH, CASE MONTH WHEN 1 THEN 1 WHEN 2 THEN 1 WHEN 3 THEN 1 WHEN 4 THEN 2 WHEN 5 THEN 2 WHEN 6 THEN 2 WHEN 7 THEN 3 WHEN 8 THEN 3 WHEN 9 THEN 3 ELSE 4 END AS QUARTER, YEAR FROM CDW_SAPP_CREDITCARD WHERE $CONDITIONS ORDER BY 1</arg>
			<arg>-m</arg>
			<arg>1</arg>
			<arg>--target-dir</arg>
			<arg>/Credit_Card_System_224/time</arg>
		</sqoop>
		<ok to="end"/> <!-- if everything is ok then go to hive node -->
		<error to="fail"/>
	</action>
	<kill name="fail">
		<message>Sqoop failed, error message[${wf:errorMessage(wf:lastErrorNode())}]</message>
	</kill>
	<end name="end"/>
</workflow-app>